Thuật toán Gom cụm,Adjusted Rand Index (ARI),Normalized Mutual Info (NMI)
K-Means,0.8974949815093207,0.8758935341223069
DBSCAN,0.22049122985497493,0.3425139585545188
